sym_1,sym_2,p_value,t_value,c_value,hedge_ratio,zero_crossings,half_life,hurst,win_rate,total_trades,avg_net_profit,profit_factor,net_funding_rate,composite_score
BANANAS31USDT,SKRUSDT,0.0064,-4.04,-3.37,0.71653,33,3.6,0.7411,0.9412,17,2.4716,15.8342,0.0001,1.75
AKTUSDT,MORPHOUSDT,0.0007,-4.63,-3.37,0.32889,31,4.67,0.7427,0.8571,14,1.6499,28.8981,0.0001,3.2
AKTUSDT,BERAUSDT,0.0177,-3.71,-3.37,1.10659,31,5.25,0.7696,0.8571,14,2.1324,12.1066,0.000249,4.1
HOLOUSDT,POPCATUSDT,0.0,-6.6,-3.37,1.10863,31,3.12,0.7947,0.8125,16,0.7067,13.7669,0.000236,4.3
EIGENUSDT,GRASSUSDT,0.0001,-5.15,-3.37,0.58168,38,3.62,0.7783,0.9333,15,1.252,8.1441,9.1e-05,4.75
AKTUSDT,ARUSDT,0.0238,-3.61,-3.37,0.29425,39,6.06,0.7624,0.8333,12,1.5831,10.4153,0.000108,5.3999999999999995
CYSUSDT,LIGHTUSDT,0.0095,-3.91,-3.37,2.21689,31,7.36,0.8146,0.7692,13,1.9611,1.7728,0.0001,5.85
CRVUSDT,MNTUSDT,0.002,-4.37,-3.37,0.31485,31,4.71,0.8278,0.7692,13,0.6297,8.3642,0.000189,6.65
