sym_1,sym_2,p_value,t_value,c_value,hedge_ratio,zero_crossings,half_life,hurst,win_rate,total_trades,avg_net_profit,profit_factor,net_funding_rate,composite_score
AKTUSDT,GRASSUSDT,0.0009,-4.6,-3.37,1.63543,31,4.84,0.7157,0.6667,12,3.1442,16.484,0.0001,1.55
AKTUSDT,BERAUSDT,0.0043,-4.15,-3.37,1.10377,39,4.56,0.7977,0.7692,13,1.9088,11.1579,8.8e-05,2.4000000000000004
AEROUSDT,KAITOUSDT,0.0004,-4.77,-3.37,0.83821,33,6.83,0.6621,0.9286,14,0.9495,4.3454,6.8e-05,3.8000000000000003
GRASSUSDT,LITUSDT,0.014,-3.79,-3.37,0.35133,37,6.92,0.8107,0.8571,14,2.213,9.0093,0.0001,3.9
AKTUSDT,LITUSDT,0.0331,-3.49,-3.37,0.57505,33,5.74,0.8085,0.6667,12,1.0704,2.4329,0.0001,4.15
1000FLOKIUSDT,ARBUSDT,0.0219,-3.64,-3.37,0.30652,31,6.65,0.8202,0.6154,13,0.2364,5.6683,0.000407,5.2
